Workbook

Sheet 悩み100(バズ順)
A1: 順位 | B1: バズ指数 | C1: カテゴリ | D1: 悩み | E1: 出典数 | F1: 共感(1-5) | G1: 投稿化(1-5) | H1: 総合点 | I1: 合う商品 | J1: 書き出し案(体言止め) | K1: 出典コード | L1: 支払い意欲(1-5) | M1: 実体験(○) | N1: X投稿日 | O1: 1時間後のインプ | P1: いいね | Q1: 返信 | R1: 保存 | S1: LINE登録
A2: =RANK(H2,$H$2:$H$101,0) | B2: =ROUND(H2/MAX($H$2:$H$101)*100,0) | C2: 感覚・刺激 | D2: 話し声・物音・キーボード音が気になって仕方ない | E2: 7 | F2: 5 | G2: 5 | H2: =E2*4+F2*3+G2*2 | I2: B 夜の音声 | J2: 「音」に疲れる | K2: ACDEFGI
A3: =RANK(H3,$H$2:$H$101,0) | B3: =ROUND(H3/MAX($H$2:$H$101)*100,0) | C3: 断れない・後回し | D3: 頼まれると断れない | E3: 6 | F3: 5 | G3: 5 | H3: =E3*4+F3*3+G3*2 | I3: A 境界線講座 | J3: 「断れない」優しさ | K3: ABDEFG
A4: =RANK(H4,$H$2:$H$101,0) | B4: =ROUND(H4/MAX($H$2:$H$101)*100,0) | C4: 人間関係・気疲れ | D4: 相手の機嫌・表情・声のトーンに気づいて、消耗する | E4: 5 | F4: 5 | G4: 5 | H4: =E4*4+F4*3+G4*2 | I4: A 境界線講座 | J4: 「機嫌」に気づく力 | K4: ACEFG
A5: =RANK(H5,$H$2:$H$101,0) | B5: =ROUND(H5/MAX($H$2:$H$101)*100,0) | C5: 自責・自己否定 | D5: すぐに自分を責めてしまう | E5: 4 | F5: 5 | G5: 5 | H5: =E5*4+F5*3+G5*2 | I5: 21日間 | J5: 「自責」の癖 | K5: CDFI
A6: =RANK(H6,$H$2:$H$101,0) | B6: =ROUND(H6/MAX($H$2:$H$101)*100,0) | C6: 感覚・刺激 | D6: 人混み・大人数の場が苦手 | E6: 4 | F6: 5 | G6: 4 | H6: =E6*4+F6*3+G6*2 | I6: A 境界線講座 | J6: 「人混み」のあと | K6: DEGI
A7: =RANK(H7,$H$2:$H$101,0) | B7: =ROUND(H7/MAX($H$2:$H$101)*100,0) | C7: 感覚・刺激 | D7: 強いにおいで気分が悪くなる | E7: 5 | F7: 4 | G7: 3 | H7: =E7*4+F7*3+G7*2 | I7: B 夜の音声 | J7: 「におい」への敏感さ | K7: DEFGI
A8: =RANK(H8,$H$2:$H$101,0) | B8: =ROUND(H8/MAX($H$2:$H$101)*100,0) | C8: 人間関係・気疲れ | D8: 人といると、嫌いでもないのに疲れてしまう | E8: 3 | F8: 5 | G8: 5 | H8: =E8*4+F8*3+G8*2 | I8: A 境界線講座 | J8: 「人疲れ」 | K8: ACG
A9: =RANK(H9,$H$2:$H$101,0) | B9: =ROUND(H9/MAX($H$2:$H$101)*100,0) | C9: 考えすぎ・反省会 | D9: 考えすぎて、決められない | E9: 4 | F9: 4 | G9: 4 | H9: =E9*4+F9*3+G9*2 | I9: 21日間 | J9: 「決められない」 | K9: BDEG
A10: =RANK(H10,$H$2:$H$101,0) | B10: =ROUND(H10/MAX($H$2:$H$101)*100,0) | C10: 人間関係・気疲れ | D10: 相手の状況を考えて、自分の意見を言いづらい | E10: 3 | F10: 5 | G10: 4 | H10: =E10*4+F10*3+G10*2 | I10: A 境界線講座 | J10: 「言いづらさ」 | K10: CFG
A11: =RANK(H11,$H$2:$H$101,0) | B11: =ROUND(H11/MAX($H$2:$H$101)*100,0) | C11: 感覚・刺激 | D11: まぶしい光がつらい | E11: 5 | F11: 3 | G11: 3 | H11: =E11*4+F11*3+G11*2 | I11: B 夜の音声 | J11: 「光」の疲れ | K11: CDEGI
A12: =RANK(H12,$H$2:$H$101,0) | B12: =ROUND(H12/MAX($H$2:$H$101)*100,0) | C12: 人間関係・気疲れ | D12: 誰かが叱られている場面を見るだけでつらい | E12: 2 | F12: 5 | G12: 5 | H12: =E12*4+F12*3+G12*2 | I12: A 境界線講座 | J12: 「叱られている」場面 | K12: DE
A13: =RANK(H13,$H$2:$H$101,0) | B13: =ROUND(H13/MAX($H$2:$H$101)*100,0) | C13: 人間関係・気疲れ | D13: LINEやメールを深読みして、不安になる | E13: 2 | F13: 5 | G13: 5 | H13: =E13*4+F13*3+G13*2 | I13: 21日間 | J13: 「既読」のあとの不安 | K13: GI
... A62: =RANK(H62,$H$2:$H$101,0) | B62: =ROUND(H62/MAX($H$2:$H$101)*100,0) | C62: 回復・休日・体調 | D62: 頭痛・肩こり・不眠・胃腸の不調が出やすい | E62: 2 | F62: 4 | G62: 3 | H62: =E62*4+F62*3+G62*2 | I62: B 夜の音声 | J62: 「体のサイン」 | K62: FG
A63: =RANK(H63,$H$2:$H$101,0) | B63: =ROUND(H63/MAX($H$2:$H$101)*100,0) | C63: 感覚・刺激 | D63: 疲れていると、いつもの音が刺さるように大きく聞こえる(実体験由来) | E63: 0 | F63: 5 | G63: 5 | H63: =E63*4+F63*3+G63*2 | I63: B 夜の音声 | J63: 「疲れた耳」 | K63: 実体験 | M63: ○
A64: =RANK(H64,$H$2:$H$101,0) | B64: =ROUND(H64/MAX($H$2:$H$101)*100,0) | C64: 考えすぎ・反省会 | D64: 店選びなど小さなことで迷って疲れる | E64: 2 | F64: 3 | G64: 4 | H64: =E64*4+F64*3+G64*2 | I64: 21日間 | J64: 「店選び」の迷い | K64: EI
A65: =RANK(H65,$H$2:$H$101,0) | B65: =ROUND(H65/MAX($H$2:$H$101)*100,0) | C65: 感覚・刺激 | D65: 家に他人がいると、休まらない | E65: 1 | F65: 4 | G65: 4 | H65: =E65*4+F65*3+G65*2 | I65: A 境界線講座 | J65: 「家」で休めない | K65: E
A66: =RANK(H66,$H$2:$H$101,0) | B66: =ROUND(H66/MAX($H$2:$H$101)*100,0) | C66: 断れない・後回し | D66: 気が進まない誘いに応じてしまう | E66: 1 | F66: 4 | G66: 4 | H66: =E66*4+F66*3+G66*2 | I66: A 境界線講座 | J66: 「気が進まない」誘い | K66: D
A67: =RANK(H67,$H$2:$H$101,0) | B67: =ROUND(H67/MAX($H$2:$H$101)*100,0) | C67: 断れない・後回し | D67: 相手の希望を叶えたくて、ゆずってばかりいる | E67: 1 | F67: 4 | G67: 4 | H67: =E67*4+F67*3+G67*2 | I67: A 境界線講座 | J67: 「ゆずる」癖 | K67: C
A68: =RANK(H68,$H$2:$H$101,0) | B68: =ROUND(H68/MAX($H$2:$H$101)*100,0) | C68: 断れない・後回し | D68: 先回りして仕事を増やし、頑張りすぎる | E68: 1 | F68: 4 | G68: 4 | H68: =E68*4+F68*3+G68*2 | I68: A 境界線講座 | J68: 「先回り」の頑張り | K68: A
A69: =RANK(H69,$H$2:$H$101,0) | B69: =ROUND(H69/MAX($H$2:$H$101)*100,0) | C69: 断れない・後回し | D69: 人に甘えたり頼ったりできない | E69: 1 | F69: 4 | G69: 4 | H69: =E69*4+F69*3+G69*2 | I69: D 個別対話 | J69: 「甘えられない」 | K69: A
A70: =RANK(H70,$H$2:$H$101,0) | B70: =ROUND(H70/MAX($H$2:$H$101)*100,0) | C70: 自責・自己否定 | D70: 対立すると、自分が悪いと感じる | E70: 1 | F70: 4 | G70: 4 | H70: =E70*4+F70*3+G70*2 | I70: D 個別対話 | J70: 「対立」のあと | K70: E
A71: =RANK(H71,$H$2:$H$101,0) | B71: =ROUND(H71/MAX($H$2:$H$101)*100,0) | C71: 自責・自己否定 | D71: 小さなミスでも大きく落ち込む | E71: 1 | F71: 4 | G71: 4 | H71: =E71*4+F71*3+G71*2 | I71: 21日間 | J71: 「小さなミス」 | K71: E
A72: =RANK(H72,$H$2:$H$101,0) | B72: =ROUND(H72/MAX($H$2:$H$101)*100,0) | C72: 自責・自己否定 | D72: 相手の期待に応えられないと「自分のせいだ」と責める | E72: 1 | F72: 4 | G72: 4 | H72: =E72*4+F72*3+G72*2 | I72: D 個別対話 | J72: 「期待」の重さ | K72: F
A73: =RANK(H73,$H$2:$H$101,0) | B73: =ROUND(H73/MAX($H$2:$H$101)*100,0) | C73: 自責・自己否定 | D73: 気にしなくていいと分かっていても、自分で止められない | E73: 1 | F73: 4 | G73: 4 | H73: =E73*4+F73*3+G73*2 | I73: 21日間 | J73: 「分かっているのに」 | K73: I
A74: =RANK(H74,$H$2:$H$101,0) | B74: =ROUND(H74/MAX($H$2:$H$101)*100,0) | C74: 考えすぎ・反省会 | D74: 失敗を何年も覚えていて、頭から離れない | E74: 1 | F74: 4 | G74: 4 | H74: =E74*4+F74*3+G74*2 | I74: B 夜の音声 | J74: 「昔の失敗」 | K74: B
A75: =RANK(H75,$H$2:$H$101,0) | B75: =ROUND(H75/MAX($H$2:$H$101)*100,0) | C75: 考えすぎ・反省会 | D75: チャンスが来ても、悩んでいるうちに逃す | E75: 1 | F75: 4 | G75: 4 | H75: =E75*4+F75*3+G75*2 | I75: E 半年伴走 | J75: 「チャンス」の前 | K75: B
... A101: =RANK(H101,$H$2:$H$101,0) | B101: =ROUND(H101/MAX($H$2:$H$101)*100,0) | C101: 仕事 | D101: 新しい挑戦やリスクを避けてしまう | E101: 1 | F101: 3 | G101: 3 | H101: =E101*4+F101*3+G101*2 | I101: E 半年伴走 | J101: 「挑戦」の怖さ | K101: E

Sheet カテゴリ別
A1: カテゴリ | B1: 件数 | C1: 平均バズ指数 | D1: 上位20に入った数
A2: 感覚・刺激 | B2: =COUNTIF('悩み100(バズ順)'!$C$2:$C$101,A2) | C2: =ROUND(AVERAGEIF('悩み100(バズ順)'!$C$2:$C$101,A2,'悩み100(バズ順)'!$B$2:$B$101),1) | D2: =COUNTIFS('悩み100(バズ順)'!$C$2:$C$101,A2,'悩み100(バズ順)'!$A$2:$A$101,"<=20")
A3: 人間関係・気疲れ | B3: =COUNTIF('悩み100(バズ順)'!$C$2:$C$101,A3) | C3: =ROUND(AVERAGEIF('悩み100(バズ順)'!$C$2:$C$101,A3,'悩み100(バズ順)'!$B$2:$B$101),1) | D3: =COUNTIFS('悩み100(バズ順)'!$C$2:$C$101,A3,'悩み100(バズ順)'!$A$2:$A$101,"<=20")
A4: 断れない・後回し | B4: =COUNTIF('悩み100(バズ順)'!$C$2:$C$101,A4) | C4: =ROUND(AVERAGEIF('悩み100(バズ順)'!$C$2:$C$101,A4,'悩み100(バズ順)'!$B$2:$B$101),1) | D4: =COUNTIFS('悩み100(バズ順)'!$C$2:$C$101,A4,'悩み100(バズ順)'!$A$2:$A$101,"<=20")
A5: 自責・自己否定 | B5: =COUNTIF('悩み100(バズ順)'!$C$2:$C$101,A5) | C5: =ROUND(AVERAGEIF('悩み100(バズ順)'!$C$2:$C$101,A5,'悩み100(バズ順)'!$B$2:$B$101),1) | D5: =COUNTIFS('悩み100(バズ順)'!$C$2:$C$101,A5,'悩み100(バズ順)'!$A$2:$A$101,"<=20")
A6: 考えすぎ・反省会 | B6: =COUNTIF('悩み100(バズ順)'!$C$2:$C$101,A6) | C6: =ROUND(AVERAGEIF('悩み100(バズ順)'!$C$2:$C$101,A6,'悩み100(バズ順)'!$B$2:$B$101),1) | D6: =COUNTIFS('悩み100(バズ順)'!$C$2:$C$101,A6,'悩み100(バズ順)'!$A$2:$A$101,"<=20")
A7: 仕事 | B7: =COUNTIF('悩み100(バズ順)'!$C$2:$C$101,A7) | C7: =ROUND(AVERAGEIF('悩み100(バズ順)'!$C$2:$C$101,A7,'悩み100(バズ順)'!$B$2:$B$101),1) | D7: =COUNTIFS('悩み100(バズ順)'!$C$2:$C$101,A7,'悩み100(バズ順)'!$A$2:$A$101,"<=20")
A8: 回復・休日・体調 | B8: =COUNTIF('悩み100(バズ順)'!$C$2:$C$101,A8) | C8: =ROUND(AVERAGEIF('悩み100(バズ順)'!$C$2:$C$101,A8,'悩み100(バズ順)'!$B$2:$B$101),1) | D8: =COUNTIFS('悩み100(バズ順)'!$C$2:$C$101,A8,'悩み100(バズ順)'!$A$2:$A$101,"<=20")
A9: 感情・SNS・恋愛 | B9: =COUNTIF('悩み100(バズ順)'!$C$2:$C$101,A9) | C9: =ROUND(AVERAGEIF('悩み100(バズ順)'!$C$2:$C$101,A9,'悩み100(バズ順)'!$B$2:$B$101),1) | D9: =COUNTIFS('悩み100(バズ順)'!$C$2:$C$101,A9,'悩み100(バズ順)'!$A$2:$A$101,"<=20")
A10: 合計 | B10: =SUM(B2:B9) | D10: =SUM(D2:D9)

Sheet 方法と出典
A1: このリストについて
A2: 目的 | B2: 「優しい世界」のX投稿と商品づくりのために、繊細な方(HSP)の悩みを100個に整理し、反応を取りやすそうな順に並べたものです。
A3: 重要な注意 | B3: X上の実際のインプレッションや保存数は取得していません。『バズ指数』は、公開記事での出現頻度と、私の主観評価から出した目安です。投稿して、実測で確かめてください。
A5: バズ指数の作り方
A6: 総合点 | B6: 出典数×4 + 共感×3 + 投稿化×2
A7: 出典数 | B7: 下記9つの記事・ページのうち、その悩みが出てくる数(出典コードの文字数)。多いほど『多くの人が書いている悩み』と見なしています。
A8: 共感(1-5) | B8: 読んだ人が『わかる』と思いやすいか。私の主観評価です(青字=入力値。自由に直してください)。
A9: 投稿化(1-5) | B9: 1つの場面として短く書きやすいか。私の主観評価です。
A10: バズ指数 | B10: 総合点の最大値を100とした相対値です。
A11: 実体験由来 | B11: 「疲れていると、いつもの音が刺さるように大きく聞こえる」（実体験由来）は、公開記事の出典がないため出典数が0になり、62位に入っています。本人の実体験で、1位の「話し声・物音」とも重なるので、順位にかかわらず優先して投稿してください。
A13: 出典(2026/10/20時点で閲覧)
A14: A | B14: DIME https://dime.jp/genre/1530943/
A15: B | B15: KADOKAWA『繊細な人をラクにする「悩み時間」の減らし方』紹介ページ https://www.kadokawa.co.jp/product/322403000049/
A16: C | B16: kinarino https://kinarino.jp/cat6/45720
A17: D | B17: HSPな僕たち『HSPが共感するあるある50選』 https://we-hsp.com/hsp-common-things/
A18: E | B18: STUDY HACKER『HSPあるある12選』 https://studyhacker.net/hsp-frequently-happening
A19: F | B19: ひだまりこころクリニック金山院 https://hidamarikokoro.jp/kanayama/blog/
A20: G | B20: メンクリ(明日のクリニック) https://mencli.ashitano.clinic/2483
A21: H | B21: ココヨワ(Instagramアンケート628名) https://cocoyowa.com/hss/proportion/
A22: I | B22: 現代ビジネス https://gendai.media/articles/-/83759
A24: 使い方
A25: 投稿 | B25: 上位20件から『書き出し案』を体言止めの1行目にして、いつもの形(語りかけ+かもしれません止め)で書いてください。
A26: 商品 | B26: 『合う商品』の列は、A=境界線講座、B=夜の音声、C=対話の会、D=個別対話、E=半年伴走、21日間=フロント商品です。悩みリストの選択肢を決めるときの参考にしてください。
A27: 表現 | B27: 診断名のHSPではなく『繊細な方』と書き、『〜かもしれません』で止めてください。つらさが強い方には専門窓口の案内を。
A29: v2で足したこと（2026-10-23）
A30: 支払い意欲(1-5) | B30: その悩みの解決に、お金を払ってでも何とかしたいと思われやすいか。本人が入力する列。においや光のように、道具で解決しやすい悩みは低めになりやすい。
A31: 実体験(○) | B31: 本人が実際に経験している悩みに○。○の悩みは、体験として語れるので、投稿と商品の両方で強い。
A32: X投稿日〜LINE登録 | B32: 実際に投稿したら、1時間後の数字を書く。10/31のチェックポイント1から、主観の点数ではなく実測で並べ替える。
A33: 総合点の注意 | B33: 出典数×4の重みが大きく、順位はほぼ出典数（記事に書かれている数）で決まる。記事に多い悩みは、ほかの発信者も多く書いている悩みでもある。実測がたまったら、総合点より実測と支払い意欲を優先する。
